{"cameraMode":{"drawMode":0,"name":"Shaded","section":"Shading Mode"},"sceneLighting":false,"audioPlay":false,"sceneViewState":{"showFog":true,"showMaterialUpdate":false,"showSkybox":true,"showFlares":true,"showImageEffects":true,"showParticleSystems":true},"in2DMode":false,"pivot":{"x":0.02200986072421074,"y":0.307194322347641,"z":0.09953923523426056},"rotation":{"x":0.40141579508781435,"y":-0.4942818880081177,"z":0.2755102515220642,"w":0.7201701402664185},"size":0.5172606110572815,"orthographic":false}