{"cameraMode":{"drawMode":0,"name":"Shaded","section":"Shading Mode"},"sceneLighting":false,"audioPlay":false,"sceneViewState":{"showFog":true,"showMaterialUpdate":false,"showSkybox":true,"showFlares":true,"showImageEffects":true,"showParticleSystems":true},"in2DMode":false,"pivot":{"x":8.89261245727539,"y":0.7456973195075989,"z":1.415340542793274},"rotation":{"x":0.041351743042469028,"y":0.9370518326759338,"z":-0.32568058371543887,"w":0.11897970736026764},"size":1.2438125610351563,"orthographic":false}