{"cameraMode":{"drawMode":0,"name":"Shaded","section":"Shading Mode"},"sceneLighting":false,"audioPlay":false,"sceneViewState":{"showFog":true,"showMaterialUpdate":false,"showSkybox":true,"showFlares":true,"showImageEffects":true,"showParticleSystems":true},"in2DMode":false,"pivot":{"x":-1.0915579795837403,"y":0.9135475754737854,"z":1.3669259548187256},"rotation":{"x":0.1339413970708847,"y":-0.8446485996246338,"z":0.24883705377578736,"w":0.4546522796154022},"size":22.0,"orthographic":false}