{"cameraMode":{"drawMode":0,"name":"Shaded","section":"Shading Mode"},"sceneLighting":false,"audioPlay":false,"sceneViewState":{"showFog":true,"showMaterialUpdate":false,"showSkybox":true,"showFlares":true,"showImageEffects":true,"showParticleSystems":true},"in2DMode":false,"pivot":{"x":-0.557623028755188,"y":0.008478343486785889,"z":0.714313268661499},"rotation":{"x":0.40141579508781435,"y":-0.4942818880081177,"z":0.2755102515220642,"w":0.7201701402664185},"size":0.4615592360496521,"orthographic":false}