{"cameraMode":{"drawMode":0,"name":"Shaded","section":"Shading Mode"},"sceneLighting":false,"audioPlay":false,"sceneViewState":{"showFog":true,"showMaterialUpdate":false,"showSkybox":true,"showFlares":true,"showImageEffects":true,"showParticleSystems":true},"in2DMode":false,"pivot":{"x":-0.7628994584083557,"y":0.023810721933841707,"z":0.07230886816978455},"rotation":{"x":0.40141579508781435,"y":-0.4942818880081177,"z":0.2755102515220642,"w":0.7201701402664185},"size":0.913799524307251,"orthographic":false}