{"cameraMode":{"drawMode":0,"name":"Shaded","section":"Shading Mode"},"sceneLighting":false,"audioPlay":false,"sceneViewState":{"showFog":true,"showMaterialUpdate":false,"showSkybox":false,"showFlares":true,"showImageEffects":true,"showParticleSystems":true},"in2DMode":false,"pivot":{"x":-1.29567289352417,"y":23.869808197021486,"z":1.9255400896072388},"rotation":{"x":0.1107104942202568,"y":-0.16468413174152375,"z":0.018605535849928857,"w":0.979936957359314},"size":81.55290985107422,"orthographic":false}