{"cameraMode":{"drawMode":0,"name":"Shaded","section":"Shading Mode"},"sceneLighting":false,"audioPlay":false,"sceneViewState":{"showFog":true,"showMaterialUpdate":false,"showSkybox":false,"showFlares":true,"showImageEffects":true,"showParticleSystems":true},"in2DMode":false,"pivot":{"x":1.131420612335205,"y":3.6271982192993166,"z":18.02346420288086},"rotation":{"x":-0.02752511389553547,"y":0.3971406817436218,"z":-0.011920361779630185,"w":-0.9172725677490234},"size":1.4380067586898804,"orthographic":false}